,Date,Close,Close
0,2018-07-18,0.006771106197492216,-0.04175583714512232
1,2018-07-19,0.012951038487557298,-0.02293258202369053
2,2018-07-20,-0.015212500162380849,-0.04112421437612479
3,2018-07-21,0.008821326292061116,0.02571069121828007
4,2018-07-22,-0.00010780651465935875,-0.00602759170726852
5,2018-07-23,0.038686564334449614,-0.019339250340625114
6,2018-07-24,0.0884546416030787,0.06133763349283328
7,2018-07-25,-0.029254690417220175,-0.014456014180329824
8,2018-07-26,-0.028491418656974687,-0.018058693226503664
9,2018-07-27,0.026487261573523213,0.012057509006291767
10,2018-07-28,0.003318503902615788,-0.005910931717290069
11,2018-07-29,0.0032064124721458143,-0.000499166546083174
12,2018-07-30,-0.004632012619252279,-0.020751069621338658
13,2018-07-31,-0.050137941881997605,-0.052122558539202224
14,2018-08-01,-0.02019234469295661,-0.03070632067994783
15,2018-08-02,-0.007604042111257314,-0.019502223551014275
16,2018-08-03,-0.017699946974246927,0.013578513250281254
17,2018-08-04,-0.05552450759252814,-0.026675821441240366
18,2018-08-05,0.005053418144036925,0.00798269035216137
19,2018-08-06,-0.01664487034880935,-0.009442372039332625
20,2018-08-07,-0.028995953086402793,-0.06723563897735207
21,2018-08-08,-0.06853482384772036,-0.06408569390267971
22,2018-08-09,0.040774573013564464,0.024855872348702235
23,2018-08-10,-0.060164276035962416,-0.08983926605487724
24,2018-08-11,0.017791511924363235,-0.03676847531704297
25,2018-08-12,0.004273118524736219,-0.00792294456690179
26,2018-08-13,-0.0039809244546145095,-0.10925529811886658
27,2018-08-14,-0.01566130632947882,-0.026753017928309752
28,2018-08-15,0.017398593339542856,0.012229018134823022
29,2018-08-16,0.004146085616168804,0.019923087694586172
30,2018-08-17,0.03808327820833668,0.09176410822409498
31,2018-08-18,-0.024126888066353658,-0.06516010605675415
32,2018-08-19,0.01273198071380044,0.016834510086564336
33,2018-08-20,-0.03083290846744191,-0.09228157710699936
34,2018-08-21,0.028168761359932404,0.027431380523562865
35,2018-08-22,-0.01741912892269326,-0.0383321254637341
36,2018-08-23,0.024501682068240882,0.02101655602329444
37,2018-08-24,0.027928230011097455,0.020937419086688003
38,2018-08-25,0.006412467252168597,-0.011805816567100003
39,2018-08-26,-0.008304176683980202,-0.01603733159048648
40,2018-08-27,0.0261023761987218,0.037115551486731846
41,2018-08-28,0.03027780971291527,0.0374410983726694
42,2018-08-29,-0.006945951847084686,-0.024538090811349278
43,2018-08-30,-0.009829420799983168,-0.01816180424848568
44,2018-08-31,0.008469072019252621,-0.0038829027571605224
45,2018-09-01,0.021878714118539477,0.042669608486047395
46,2018-09-02,0.01098730512202195,-0.0032897485087026723
47,2018-09-03,-0.0017422900799939356,-0.01751839420581458
48,2018-09-04,0.013897370676710707,-0.012299708002147192
49,2018-09-05,-0.08041781637747292,-0.20685973014550285
50,2018-09-06,-0.039587838057258296,-0.00914941269139824
51,2018-09-07,-0.009556698168818656,-0.05818122538003401
52,2018-09-08,-0.037992262867389215,-0.0928128679371154
53,2018-09-09,0.011955253777374608,-0.005201698625353579
54,2018-09-10,0.004566762205364228,0.0007867899023228375
55,2018-09-11,-0.0013437780737515226,-0.06289214973606683
56,2018-09-12,0.004829112103061917,-0.00941925963045609
57,2018-09-13,0.02572351655486571,0.14224124368727598
58,2018-09-14,-0.0007060768656490524,0.0018671062667099392
59,2018-09-15,0.004670726045219453,0.05210200042744351
60,2018-09-16,-0.003984578276938322,-0.01120231591800902
61,2018-09-17,-0.03688071788794467,-0.10866574384291106
62,2018-09-18,0.014242423616419586,0.05935298687833512
63,2018-09-19,0.004266345706213315,-2.8632212330848006e-05
64,2018-09-20,0.018753903731685284,0.06732111261516938
65,2018-09-21,0.03248666575188608,0.09342171925715448
66,2018-09-22,-0.0019276638417000669,-0.0250657965012282
67,2018-09-23,-0.0016899322578378673,0.015882869816589817
68,2018-09-24,-0.017318842593150308,-0.06597752809465529
69,2018-09-25,-0.022841248739725373,-0.04573333004473312
70,2018-09-26,0.007499922625337163,-0.012239095985688841
71,2018-09-27,0.0275986920872473,0.05694014227847077
72,2018-09-28,-0.004897601761744141,-0.02702344344998231
73,2018-09-29,-0.006367171722292397,0.040676310433164
74,2018-09-30,0.003568336719675713,0.005223077910215146
75,2018-10-01,-0.00543920393591435,-0.008973010985638297
76,2018-10-02,-0.005099772645628775,-0.01566584460115017
77,2018-10-03,-0.008195393817457486,-0.029899255690909676
78,2018-10-04,0.011331035300969461,0.007811092638612571
79,2018-10-05,0.006938348855323184,0.023935194335374277
80,2018-10-06,-0.005173043848845538,-0.010960515121687386
81,2018-10-07,0.002219673093835084,0.004427852266432275
82,2018-10-08,0.007435585416514456,0.013773518505471039
83,2018-10-09,-0.0014426384505714651,-0.0055682875379376995
84,2018-10-10,-0.008634710127935818,-0.009754314692388633
85,2018-10-11,-0.05129538214462315,-0.1751286301162196
86,2018-10-12,0.0029271598167834867,0.03743329618455071
87,2018-10-13,0.0018168218647272028,0.01570506118522541
88,2018-10-14,0.0007855566385384094,-0.02086256678759657
89,2018-10-15,0.047436333605533676,0.06903748688038558
90,2018-10-16,-6.521446177742973e-05,0.001981785283371451
91,2018-10-17,-0.007865727557092583,-0.014559129722059083
92,2018-10-18,-0.01040167369568934,-0.018181150949301284
93,2018-10-19,-0.0017462065653059966,0.0018423947039982735
94,2018-10-20,0.003671253714641054,0.00832442077111839
95,2018-10-21,-0.0010545924945404295,-0.001402893710899633
96,2018-10-22,0.0007417487198999595,-0.005366725969370378
97,2018-10-23,-0.001761939764286069,0.0014300026140690036
98,2018-10-24,0.003099024997764488,-0.00237142568078319
99,2018-10-25,-0.0030141263870877566,-0.0055735101599792
100,2018-10-26,-0.0002378247716183779,0.003004576236980583
101,2018-10-27,0.0008691357350834039,0.004323578023913477
102,2018-10-28,0.0009270241282308689,0.005644831038764231
103,2018-10-29,-0.023990543470313597,-0.04033701988379956
104,2018-10-30,0.0002589641886441285,0.0015653670578776868
105,2018-10-31,-0.0026336269445916827,-0.0008862328157688282
106,2018-11-01,0.009479090296347081,0.007525517212706667
107,2018-11-02,0.0016700572222632104,0.008825937884946455
108,2018-11-03,-0.0042636638636377455,-0.0022403519621869705
109,2018-11-04,0.002334877765930443,0.03581687350077889
110,2018-11-05,0.006803869277641539,0.0077057492096272995
111,2018-11-06,0.006420434910365813,0.04379671152139153
112,2018-11-07,0.010642787457474157,-0.005825981832257021
113,2018-11-08,-0.01177166147441433,-0.023064992602608747
114,2018-11-09,-0.010608136324314899,-0.010215443330984897
115,2018-11-10,0.0036890064757102436,0.011637418821523582
116,2018-11-11,0.00031977009732031547,-0.005629099140410432
117,2018-11-12,-0.006258557445205426,-0.004372168630585982
118,2018-11-13,-0.0018506025222677636,-0.017218145507398752
119,2018-11-14,-0.10277649273173672,-0.1311898625434731
120,2018-11-15,-0.01586495582727565,-0.0032633851055248186
121,2018-11-16,-0.01291584159438841,-0.03162772940272163
122,2018-11-17,-0.003813114336699286,-0.0067358154808134785
123,2018-11-18,0.012383547969031738,0.01746711259156264
124,2018-11-19,-0.14356147255391427,-0.1714080657401693
125,2018-11-20,-0.09007563428611043,-0.13498135058001548
126,2018-11-21,0.03320365546509585,0.047657305174514164
127,2018-11-22,-0.052694412359317155,-0.07592663617957385
128,2018-11-23,-0.004322277012642317,-0.02728150314304223
129,2018-11-24,-0.11348021178490697,-0.08283794800929556
130,2018-11-25,0.0327527394287177,0.025711968995455692
131,2018-11-26,-0.05928995928609382,-0.07223370041597743
132,2018-11-27,0.010945085463911042,0.015343020462077028
133,2018-11-28,0.10822444579237178,0.10703351815565743
134,2018-11-29,0.005020181260203316,-0.04080357621030206
135,2018-11-30,-0.06308129823555753,-0.037897596141389656
136,2018-12-01,0.04796953376593649,0.04715262927757813
137,2018-12-02,-0.01790543962871105,-0.019119088823289943
138,2018-12-03,-0.061195790047934295,-0.06627743632228267
139,2018-12-04,0.015988811461090435,0.01176589262805905
140,2018-12-05,-0.05263875080027702,-0.07280134630526458
141,2018-12-06,-0.06404661855090765,-0.11043631636893814
142,2018-12-07,-0.02915174921548669,0.016573864857376996
143,2018-12-08,0.016293013151102542,-0.012239571883772449
144,2018-12-09,0.0389648242144478,0.031848872955973384
145,2018-12-10,-0.03135850250725625,-0.03700521731378004
146,2018-12-11,-0.022540327664478,-0.03034428987350335
147,2018-12-12,0.018046272769710825,0.01835862859533499
148,2018-12-13,-0.050968961408146995,-0.045781446481985455
149,2018-12-14,-0.0217185542488334,-0.026118537895495564
150,2018-12-15,-0.0017666084928986692,0.0015705562290042607
151,2018-12-16,0.004954827235499337,0.009679214903845157
152,2018-12-17,0.08625387653959038,0.10955456361848359
153,2018-12-18,0.04148507479473018,0.06094872802753848
154,2018-12-19,0.013408299801074719,0.0015428355861129006
155,2018-12-20,0.09867679132172569,0.13768187048570013
156,2018-12-21,-0.059262300440080296,-0.05956791257525662
157,2018-12-22,0.02974381467096876,0.06422612236995207
158,2018-12-23,-0.0037943596349006015,0.11328754649026784
159,2018-12-24,0.019714192015417353,0.06993722809376024
160,2018-12-25,-0.06668429052768587,-0.07700463862461415
161,2018-12-26,0.010897550330662753,0.0154470703171663
162,2018-12-27,-0.05391629952715249,-0.12324078790865745
163,2018-12-28,0.0710402860729289,0.16614990082410142
164,2018-12-29,-0.026733418957821442,0.0026940117328662083
165,2018-12-30,0.011850725299472842,0.013251416425707596
166,2018-12-31,-0.03240073596075632,-0.047523857755979115
167,2019-01-01,0.026581224952000326,0.05436416392275323
168,2019-01-02,0.025657066653892002,0.09625440130240115
169,2019-01-03,-0.027422321806191974,-0.038880704996020476
170,2019-01-04,0.005452331614920425,0.03587230828845289
171,2019-01-05,-0.0032514872489333158,0.006812314789193863
172,2019-01-06,0.0584470890549067,0.013450791376216742
173,2019-01-07,-0.012684700557386464,-0.03908767956864345
174,2019-01-08,0.001390154770684049,-0.008869749182800035
175,2019-01-09,0.0011030020343767433,0.0029451302693210835
176,2019-01-10,-0.09245928249298174,-0.1590724997470101
177,2019-01-11,0.0022917701090907627,-0.008407308571134031
178,2019-01-12,-0.007093684931486877,-0.012479073619950931
179,2019-01-13,-0.030039431790894966,-0.07471615028126699
180,2019-01-14,0.04218810159294328,0.09904493373611434
181,2019-01-15,-0.020548563372546624,-0.05605585573421479
182,2019-01-16,0.006679301401545601,0.012333019292701586
183,2019-01-17,0.00642448558032882,0.0015759276597417937
184,2019-01-18,-0.0056498160197318015,-0.02232276211507145
185,2019-01-19,0.019151709058737865,0.028583127887190862
186,2019-01-20,-0.03480896076891504,-0.041352749144753176
187,2019-01-21,-0.006961443903655606,-0.019583537458570888
188,2019-01-22,0.007950530556472657,0.013477629879542263
189,2019-01-23,-0.005411671839448573,-0.010964918507287535
190,2019-01-24,0.004381431105509037,-0.0007641888001321817
191,2019-01-25,-0.0003054202695444985,-0.00842426203795199
192,2019-01-26,0.0007482631299655651,0.00094815760829281
193,2019-01-27,-0.005147111803204041,-0.026826579767377012
194,2019-01-28,-0.03218556314914878,-0.06197857812658292
195,2019-01-29,-0.006456126661070982,-0.00934799897828853
196,2019-01-30,0.01097878297095356,0.03085780893419887
197,2019-01-31,-0.008176606850343049,-0.017100379501093776
198,2019-02-01,0.008682382533651278,0.00511272065461732
199,2019-02-02,0.00944947812577368,0.02587258709143736
200,2019-02-03,-0.016334438234448356,-0.026961545810640253
201,2019-02-04,-0.001403801312541475,0.0030553847795022904
202,2019-02-05,0.002080242524957754,-0.0035127164270276623
203,2019-02-06,-0.015287693750092757,-0.023773935448113015
204,2019-02-07,-0.0041965833008426046,-0.0036665499402515067
205,2019-02-08,0.0756939360941562,0.13184610690924448
206,2019-02-09,0.0012056010064362965,0.001366906611769636
207,2019-02-10,0.005157899926350851,0.044026603572522305
208,2019-02-11,-0.011380348161981857,-0.028510872286703126
209,2019-02-12,0.0013963105132095421,0.010447396475702142
210,2019-02-13,-0.005890543660870051,-0.00015244727549657
211,2019-02-14,-0.004190873583171495,-0.009538324136759257
212,2019-02-15,0.0010859628225894369,0.005833360502042417
213,2019-02-16,0.002476157344837304,0.009454140633264885
214,2019-02-17,0.012062263719125,0.08054415905481704
215,2019-02-18,0.06376138183178881,0.08943833028628934
216,2019-02-19,0.007981955101911353,-0.005161761567814338
217,2019-02-20,0.013269765098495867,0.0285413582202807
218,2019-02-21,-0.01149189028232911,-0.023157369022162477
219,2019-02-22,0.012917451356472043,0.020064190529386572
220,2019-02-23,0.03363089286305154,0.06305013771430801
221,2019-02-24,-0.08356456820529345,-0.1560458167492378
222,2019-02-25,0.018788447145977827,0.028805416439856124
223,2019-02-26,-0.007325399279810796,-0.012473041380146377
224,2019-02-27,-0.0008592791582575643,-0.01432265635139629
225,2019-02-28,0.0009701838898461546,0.004546348695196656
226,2019-03-01,0.0012440007407157339,-0.0022155118173161625
227,2019-03-02,0.00125098400355661,-0.01652843152435679
228,2019-03-03,-0.004471006548913081,-0.014693362149774458
229,2019-03-04,-0.02250631409689774,-0.034425636382424685
230,2019-03-05,0.035213632013155305,0.07570176054800104
231,2019-03-06,0.001940338762940641,0.00699152292065186
232,2019-03-07,0.0019299650258197687,-0.005453678640312987
233,2019-03-08,-0.0026502747112910896,-0.021288021358181197
234,2019-03-09,0.01581381071084742,0.020786802993454145
235,2019-03-10,-0.002959950384815002,-0.008784507193046132
236,2019-03-11,-0.011804535394846383,-0.021617477923368433
237,2019-03-12,0.001005570148075563,0.004539020758450363
238,2019-03-13,-0.0006241055237001802,-0.00881427664080281
239,2019-03-14,0.004508157464902851,0.003359998661882635
240,2019-03-15,0.009268473031697866,0.029332570933805258
241,2019-03-16,0.021928138916456064,0.03360943962961738
242,2019-03-17,-0.00582041712864978,-0.016980858368347285
243,2019-03-18,0.0018065426803683948,-0.004481050562514355
244,2019-03-19,0.00954703827395953,0.008178806892932045
245,2019-03-20,0.003992356946232789,0.0011888816076845998
246,2019-03-21,-0.014328401790338674,-0.029212070308235027
247,2019-03-22,-0.0013307952232004538,0.003983531732952628
248,2019-03-23,0.0029425471310986495,0.007685905727932152
249,2019-03-24,-0.0033899789796230095,-0.009104881073740856
250,2019-03-25,-0.014801995775437504,-0.014380932205103392
251,2019-03-26,0.005538472822802731,0.0031744960621811202
252,2019-03-27,0.025269802161778543,0.03999687523852824
253,2019-03-28,-0.00440378414003284,-0.011210244538472303
254,2019-03-29,0.007166825802505272,0.021858238292163712
255,2019-03-30,0.002019649564678261,-0.0028443691349782085
256,2019-03-31,-0.00030585716708841915,-0.004080181470280664
257,2019-04-01,0.01277399843531235,0.0022320769491299686
258,2019-04-02,0.16004197976839407,0.1450017163340851
259,2019-04-03,0.01890749296950922,-0.015383136213701576
260,2019-04-04,-0.010150461847883818,-0.02132252546471758
261,2019-04-05,0.022870127391311,0.04613341540940841
262,2019-04-06,0.004583028638013076,0.0026087935646481597
263,2019-04-07,0.027116090148746608,0.050436388679639954
264,2019-04-08,0.017328472526209282,0.0322876228674458
265,2019-04-09,-0.016163226787920593,-0.023258908688500668
266,2019-04-10,0.02271680293391576,0.006919780188092695
267,2019-04-11,-0.05007552528719117,-0.06910136015494128
268,2019-04-12,0.004934263167637454,-0.004607031666957084
269,2019-04-13,0.001383718355681296,-0.0013544536714693578
270,2019-04-14,0.013861017615290905,0.020010573573662427
271,2019-04-15,-0.019661685681246155,-0.03803799165051025
272,2019-04-16,0.032703409546247286,0.036755743961936815
273,2019-04-17,0.0031234202806835754,-0.004021138600747598
274,2019-04-18,0.00880504810644922,0.040286992866873206
275,2019-04-19,0.0010237043606338148,-0.0006076776924111016
276,2019-04-20,0.006403836037113919,0.0002465403667004651
277,2019-04-21,-0.00438492350363795,-0.021552703030003784
278,2019-04-22,0.01583658335751359,0.010693444814993569
279,2019-04-23,0.031537678710241934,-0.0024866700478858306
280,2019-04-24,-0.0194793465759453,-0.033339223005323326
281,2019-04-25,-0.04766091040689524,-0.07100836715913061
282,2019-04-26,0.013123813423158381,0.012147227272884642
283,2019-04-27,-0.0020966081203077636,0.013265531566407418
284,2019-04-28,0.003192925629715404,-0.007220517360956968
285,2019-04-29,-0.007175278992262335,-0.013396029037762602
286,2019-04-30,0.019508686623199267,0.04389322487592917
287,2019-05-01,0.009665964737195054,-0.008345261835194684
288,2019-05-02,0.018809979754905726,0.008078564952593403
289,2019-05-03,0.046667295980034496,0.035326657069481904
290,2019-05-04,0.010841636020002099,-0.02365215978092028
291,2019-05-05,-0.00609950504004253,-0.0035170840079823407
292,2019-05-06,-0.008473310560161096,0.054773627672836334
293,2019-05-07,0.014287066018571437,-0.016671652620897426
294,2019-05-08,0.025899955314045542,0.006747003273954277
295,2019-05-09,0.03160113331553838,-0.0038615927305594155
296,2019-05-10,0.03255511923946841,0.01661758110458056
297,2019-05-11,0.12175582015101227,0.11530929946414314
298,2019-05-12,-0.03278809012221373,-0.03657890442151679
299,2019-05-13,0.1140786697230034,0.04957636406673416
300,2019-05-14,0.022709207625679184,0.0981586612828087
301,2019-05-15,0.026020895924879994,0.12942602862763852
302,2019-05-16,-0.03981349360704378,0.0659791936906231
303,2019-05-17,-0.07108127725881808,-0.07978406436593755
304,2019-05-18,-0.009946983850618096,-0.03834134987153792
305,2019-05-19,0.11992989942799603,0.10777773960355308
306,2019-05-20,-0.027125846028695833,-0.036748454830751065
307,2019-05-21,-0.0018795372127939913,0.013218891778740804
308,2019-05-22,-0.03621876354448261,-0.042081249909178275
309,2019-05-23,0.025934032858881295,0.0051634334862811215
310,2019-05-24,0.013299515579216603,0.014206770331510299
311,2019-05-25,0.00812631735109548,0.00907701164009822
312,2019-05-26,0.07425157599335819,0.05903370646094164
313,2019-05-27,0.015168497755126964,0.021459067244938623
314,2019-05-28,-0.00979326304904582,-0.0040171561232824615
315,2019-05-29,-0.0069593521281454684,-0.00854740805863674
316,2019-05-30,-0.04005664796772912,-0.051777648298094725
317,2019-05-31,0.030194039934908545,0.046784299548876085
318,2019-06-01,-0.0012236008424260092,-0.010205394797296208
319,2019-06-02,0.02067926798314268,0.018051675717775773
320,2019-06-03,-0.0630180586838609,-0.0674183029837705
321,2019-06-04,-0.0630014783427022,-0.04563686711892245
322,2019-06-05,0.014996473539936162,0.023393116396565716
323,2019-06-06,-0.0002822410658254171,0.009761208975581859
324,2019-06-07,0.027977129076807827,0.005819402965670406
325,2019-06-08,-0.011229371413747913,-0.020909118889601785
326,2019-06-09,-0.03402032381425535,-0.05285583786773529
327,2019-06-10,0.03981203302759084,0.06008140801702844
328,2019-06-11,-0.009117973017984227,-0.007047625422826442
329,2019-06-12,0.0271447396905522,0.05970552963621678
330,2019-06-13,0.010388753446054722,-0.018313227686009625
331,2019-06-14,0.054715664950810705,0.0304437751694282
332,2019-06-15,0.016489111591431183,0.01850284080699094
333,2019-06-16,0.017508940317693344,0.0007576062478138468
334,2019-06-17,0.03558847752156069,0.018867894226795023
335,2019-06-18,-0.025932150849556024,-0.0344832254079277
336,2019-06-19,0.020894883881638293,0.016389807079001173
337,2019-06-20,0.026983496264122664,0.008364868661779212
338,2019-06-21,0.06279058671001714,0.08199102822190962
339,2019-06-22,0.0534645342577349,0.04790012820901346
340,2019-06-23,0.014258184854998746,-0.005030796024653839
341,2019-06-24,0.014244096327892919,0.008400802911793903
342,2019-06-25,0.06842540313130918,0.02450720837702658
343,2019-06-26,0.09886766271923975,0.056901727859838935
344,2019-06-27,-0.1518196739369877,-0.13486054961297889
345,2019-06-28,0.10391011328681188,0.05602998238788359
346,2019-06-29,-0.03677242770372402,0.02798536509970706
347,2019-06-30,-0.10038183788517507,-0.09622704584979935
348,2019-07-01,-0.021871650928673603,0.010080326398503203
349,2019-07-02,0.02043979364930415,-0.006987542265092905
350,2019-07-03,0.1019724231462682,0.03869192723223058
351,2019-07-04,-0.06438271352158509,-0.06324782278212027
352,2019-07-05,-0.021356009787895758,0.012137016296509984
353,2019-07-06,0.020741781945806892,-0.0015651575587503075
354,2019-07-07,0.021386723467299973,0.06121932626833004
355,2019-07-08,0.07039331175600338,0.024400009458355854
356,2019-07-09,0.023159293280457405,-0.014049947014450836
357,2019-07-10,-0.033751227644685855,-0.06306720752508088
358,2019-07-11,-0.06788441618713037,-0.07627836783229203
359,2019-07-12,0.039472753868565746,0.027792357346275942
360,2019-07-13,-0.03650877331612712,-0.02498740249460152
361,2019-07-14,-0.10507600156656594,-0.1689221898385247
362,2019-07-15,0.06044360141003047,0.009611607728800209
363,2019-07-16,-0.1393767055806645,-0.1428524348113287
364,2019-07-17,0.022551278856090207,0.05990144181307144
365,2019-07-18,0.09561955306661929,0.06888307614139588
366,2019-07-19,-0.012808461572603846,-0.023366757241448433
367,2019-07-20,0.022200991330416642,0.0345722145194749
368,2019-07-21,-0.015729262974589986,-0.015342573473899002
369,2019-07-22,-0.02444935394202119,-0.036425159046589606
370,2019-07-23,-0.043707966595475156,-0.022457955251070416
371,2019-07-24,-0.009013724991008942,0.020094245857228188
372,2019-07-25,0.010131621144278569,0.011778632183466087
373,2019-07-26,-0.004199559341957482,5.287194905001513e-05
374,2019-07-27,-0.04059130256046295,-0.05725316601856534
375,2019-07-28,0.007901301370322855,0.018052522630869205
376,2019-07-29,-0.0035355357080177896,0.00038582698547706684
377,2019-07-30,0.009231027857063978,-0.0035347092594211205
378,2019-07-31,0.04857531814577598,0.0378982291104446
379,2019-08-01,0.030662540264241755,-0.0038752654251190677
380,2019-08-02,0.011330721144643618,0.00028977969906129886
381,2019-08-03,0.028451137479914124,0.020977944335966114
382,2019-08-04,0.01362526706755851,0.000805922849570706
383,2019-08-05,0.07339741253271903,0.05054999848066011
384,2019-08-06,-0.028131633051238225,-0.03561326631243045
385,2019-08-07,0.03961210267399373,0.0016372761821710213
386,2019-08-08,0.0020443450527860563,-0.02436401331629856
387,2019-08-09,-0.008684364496771124,-0.048466655416971705
388,2019-08-10,-0.043846706855642736,-0.01800225553538759
389,2019-08-11,0.014823037907254033,0.044277548603165684
390,2019-08-12,-0.012307995125176774,-0.022485779569994868
391,2019-08-13,-0.043707143389404735,-0.0122813113995619
392,2019-08-14,-0.0806379719242738,-0.11193237580201831
393,2019-08-15,0.025522045965720608,0.010100155844279257
394,2019-08-16,0.0060711120004821595,-0.016377130695553355
395,2019-08-17,-0.013840282280728644,0.0013343351390702196
396,2019-08-18,0.01108660152588925,0.04633275981253071
397,2019-08-19,0.0536528635334399,0.04325985524666098
398,2019-08-20,-0.014098602646118508,-0.03266348060912616
399,2019-08-21,-0.05984026786228647,-0.05046633248515864
400,2019-08-22,-0.0006901282262674613,0.023485986540076276
401,2019-08-23,0.02696583890848636,0.017476865277422426
402,2019-08-24,-0.02411676598546819,-0.01770346053471883
403,2019-08-25,-0.0021128053844350347,-0.023522894787524784
404,2019-08-26,0.0226543314762484,0.011107868965939183
405,2019-08-27,-0.01803098322502983,-0.007505598093679566
406,2019-08-28,-0.043244332321517476,-0.07544497226486335
407,2019-08-29,-0.02535588058642091,-0.02547105991732579
408,2019-08-30,0.009207926773969533,-0.004030543453930058
409,2019-08-31,0.003379326975375463,0.021300943757045054
410,2019-09-01,0.01313227792802607,-0.004884429773150067
411,2019-09-02,0.05858903991126141,0.038395412295963105
412,2019-09-03,0.026398798324718697,0.006438408312106958
413,2019-09-04,-0.0027379439807031503,-0.019727874495301556
414,2019-09-05,-0.0017912085396538657,-0.010141183537113463
415,2019-09-06,-0.021237571181719872,-0.024761789532202094
416,2019-09-07,0.01571165698085153,0.0477172306808793
417,2019-09-08,-0.007250398184558193,0.01720150687853561
418,2019-09-09,-0.010233096005396902,-0.001136922108022631
419,2019-09-10,-0.02141782097558753,-0.007548670782708378
420,2019-09-11,0.006149168432955321,-0.005922686884557216
421,2019-09-12,0.02251399403043486,0.012734888836702929
422,2019-09-13,-0.004774055257204424,0.0005171016568006337
423,2019-09-14,-0.00024114056019008956,0.03789998455179511
424,2019-09-15,-0.0009983634989048085,0.008910526790947948
425,2019-09-16,-0.006877180180772768,0.037864473656350484
426,2019-09-17,-0.00346246270575179,0.056682431752392404
427,2019-09-18,-0.004209930227212055,0.013258645007533154
428,2019-09-19,0.006661946401365526,0.045713593903046856
429,2019-09-20,-0.008291636186186224,-0.014708105760821155
430,2019-09-21,-0.016031424170293462,-0.011688515057519666
431,2019-09-22,0.005044859416292624,-0.01859656675132193
432,2019-09-23,-0.034455250468614196,-0.04656146725724852
433,2019-09-24,-0.12099364952146807,-0.1832551816860457
434,2019-09-25,-0.015616015371175962,0.016412987846615046
435,2019-09-26,-0.04433175093227604,-0.02467736889122918
436,2019-09-27,0.01623387232043605,0.04677466543354658
437,2019-09-28,-0.0007189659749151645,-0.0007908026167067206
438,2019-09-29,-0.017337268541281148,-0.023586668009313527
439,2019-09-30,0.0231358039600007,0.053490939973956486
440,2019-10-01,0.0059395226486973485,-0.014175458713642897
441,2019-10-02,0.005947039319424974,0.018825177521747172
442,2019-10-03,-0.01597938661828735,-0.030971943958377324
443,2019-10-04,-0.0065654260828598154,0.010140570614524336
444,2019-10-05,-0.0066561963279792025,-0.0035857293791634604
445,2019-10-06,-0.02024210447085828,-0.01884585377913872
446,2019-10-07,0.031722604960343403,0.045892602775966296
447,2019-10-08,-0.0020443649816002107,0.004599138988068852
448,2019-10-09,0.0436286041566607,0.060083365355047214
449,2019-10-10,-0.0010786272982699074,-0.008487274112477294
450,2019-10-11,-0.03131474095669695,-0.04858929040829807
451,2019-10-12,0.0017767504383332522,-0.009593136788276446
452,2019-10-13,-0.001866997061055642,0.006880702071974554
453,2019-10-14,0.006430502888083112,0.026480030037604685
454,2019-10-15,-0.020424933726610917,-0.030161559465075705
455,2019-10-16,-0.019423891941979576,-0.03017726243643981
456,2019-10-17,0.0069819797390682226,0.011382092407167477
457,2019-10-18,-0.01625994007694942,-0.025066103146126117
458,2019-10-19,0.0019237257444970624,-0.004087986940138677
459,2019-10-20,0.02881240366522242,0.015046188208206246
460,2019-10-21,0.002628793271972185,-0.003500523854462756
461,2019-10-22,-0.020282321366639877,-0.0150922656418091
462,2019-10-23,-0.07231210270482968,-0.059162536238936525
463,2019-10-24,-0.0028228801699565764,-0.0014433665972406473
464,2019-10-25,0.14476109386093228,0.11274729897949065
465,2019-10-26,0.06528433388686672,-0.009341085233206314
466,2019-10-27,0.03264079600850067,0.02420886270928424
467,2019-10-28,-0.031432676505614765,-0.008609402258686671
468,2019-10-29,0.018362811918532174,0.0411835834383707
469,2019-10-30,-0.023825095718830624,-0.030134986512200257
470,2019-10-31,-0.0006673727616757219,-0.003934535743671752
471,2019-11-01,0.006664947063718785,1.617377636264905e-05
472,2019-11-02,0.006845382329238703,-0.00024014526290816463
473,2019-11-03,-0.009629700847412437,-0.008192751593194103
474,2019-11-04,0.01901152585439192,0.02131526828807928
475,2019-11-05,-0.007473715309565421,0.015700581324966656
476,2019-11-06,0.001962481459161225,0.012022643173340342
477,2019-11-07,-0.010018996001742053,-0.01906051647986029
478,2019-11-08,-0.051214083806272015,-0.020232806720539287
479,2019-11-09,0.0009877334517121028,0.004426640669876747
480,2019-11-10,0.02708127536100413,0.02375808081678432
481,2019-11-11,-0.03343184819093992,-0.02127009353568443
482,2019-11-12,0.006586553240447657,0.007271881865040797
483,2019-11-13,-0.0008397010971492591,0.007546401253827106
484,2019-11-14,-0.01143720218148303,-0.012072605845268036
485,2019-11-15,-0.025129397563837585,-0.029896597661921653
486,2019-11-16,0.006896630827938566,0.01553983259595526
487,2019-11-17,0.0031776852803648836,0.009612175967251169
488,2019-11-18,-0.03182423938339696,-0.024939193962544515
489,2019-11-19,-0.012490374838556306,-0.01734076028850673
490,2019-11-20,-0.02203907156093976,-0.009951563041062705
491,2019-11-21,-0.049086768125686575,-0.08449430113454337
492,2019-11-22,-0.04635206471928832,-0.07185277801231837
493,2019-11-23,0.01377681495074512,0.02074330583866324
494,2019-11-24,-0.04845012522266501,-0.07147679678260754
495,2019-11-25,0.013839370591339772,0.02517719602524693
496,2019-11-26,0.01005783551004491,0.01684664222096366
497,2019-11-27,0.0424866264353021,0.026795066019323244
498,2019-11-28,-0.009144267907922554,-0.008486198833893788
499,2019-11-29,0.039170910137082515,0.02336474065040317
500,2019-11-30,-0.024998412204507048,-0.017960662343383227
501,2019-12-01,-0.01938678230419022,-0.008915731236824875
502,2019-12-02,-0.013875477110813605,-0.014165817968262218
503,2019-12-03,-0.00025170831980858566,-0.0074254858719244865
504,2019-12-04,-0.009348132540894838,-0.008202707187182412
505,2019-12-05,0.026704767756074332,0.016900934816646895
506,2019-12-06,0.01316283930428419,-0.00036556455921754605
507,2019-12-07,0.0012237394800749257,-0.0028613327972504266
508,2019-12-08,0.0010723690545209053,0.016642338480465035
509,2019-12-09,-0.02184425368085563,-0.02029888262095003
510,2019-12-10,-0.016728999152695323,-0.013298543194467882
511,2019-12-11,-0.008373983817170583,-0.018346642684200276
512,2019-12-12,0.0035554716584638157,0.013803257471486141
513,2019-12-13,0.0036588787977542836,-0.004538013732013013
514,2019-12-14,-0.02014895615359613,-0.014422869418133644
515,2019-12-15,0.0038702824709542227,0.00171868304525713
516,2019-12-16,-0.03121654791103623,-0.06869317207995973
517,2019-12-17,-0.04302813984775078,-0.08599651471728276
518,2019-12-18,0.09150203958984626,0.08208332523038209
519,2019-12-19,-0.010215599788491403,-0.028743332169427482
520,2019-12-20,0.0022150257023572095,-0.0019744110214849897
521,2019-12-21,-0.003838694878929516,-0.007271534798612755
522,2019-12-22,0.04359469833307905,0.032567219750779586
523,2019-12-23,-0.020981218944278623,-0.028803644752879443
524,2019-12-24,-0.0045095905809819925,0.0034911717596610714
525,2019-12-25,-0.006490977368956763,-0.020423909684539332
526,2019-12-26,-0.00498673477391165,-0.0007389909163517672
527,2019-12-27,0.0070371806538602755,0.006730839859570459
528,2019-12-28,0.0038200628759046396,0.008672767303395723
529,2019-12-29,0.014200785685396511,0.048932182988497
530,2019-12-30,-0.01762220333369413,-0.01589086751361002
531,2019-12-31,-0.013722694823240289,-0.023053024955973278
532,2020-01-01,0.000913616682714391,0.009148205440125068
533,2020-01-02,-0.030272928096193752,-0.026273105367865313
534,2020-01-03,0.050171745960032155,0.051708737339308364
535,2020-01-04,0.00891500982389637,0.006668095738992186
536,2020-01-05,8.914393268888432e-05,0.008899486564836856
537,2020-01-06,0.04716146723566084,0.05723529011681805
538,2020-01-07,0.0495268893264047,-0.00528170241917536
539,2020-01-08,-0.01032167320280486,-0.016052599664085676
540,2020-01-09,-0.02516485111441824,-0.016264648684096272
541,2020-01-10,0.035837017057327,0.03523741185532092
542,2020-01-11,-0.01592428993077455,-0.00722693845263489
543,2020-01-12,0.019095619045758738,0.020407997067783512
544,2020-01-13,-0.005913064387263134,-0.011357143007556303
545,2020-01-14,0.08059650637836668,0.14033316759757408
546,2020-01-15,-0.0023537488141354146,0.0016576834890891234
547,2020-01-16,-0.009494746324859804,-0.011128700578589168
548,2020-01-17,0.023255338715641116,0.03812812733499005
549,2020-01-18,0.001541028275862999,0.026497472665267807
550,2020-01-19,-0.02680910251619828,-0.049060126946718796
551,2020-01-20,-0.00559813180609936,0.0009019433680608202
552,2020-01-21,0.010141927934055772,0.015300237317380727
553,2020-01-22,-0.007461951294766678,-0.008302035363533022
554,2020-01-23,-0.0321153677231969,-0.03240158193424669
555,2020-01-24,0.004618933008295301,0.0007523144602217258
556,2020-01-25,-0.009229306182408692,-0.010897740317509452
557,2020-01-26,0.026996838102771648,0.041256431994358245
558,2020-01-27,0.03576042498236198,0.016836521457737952
559,2020-01-28,0.049140656693548834,0.03132651023738742
560,2020-01-29,-0.004493658672814149,-0.007512267694822938
561,2020-01-30,0.02043703691808041,0.05360773574101341
562,2020-01-31,-0.016805048675941237,-0.024835021342031638
563,2020-02-01,0.004518472151643138,0.01931587900306564
564,2020-02-02,-0.005177910236525918,0.026559182794835934
565,2020-02-03,-0.005455970077715477,0.006592284970026618
566,2020-02-04,-0.01218545364907797,-0.0032416069069389764
567,2020-02-05,0.04602834799275257,0.07617594743625666
568,2020-02-06,0.012033084493943136,0.038936450490737684
569,2020-02-07,0.006774835392771905,0.04775814643877396
570,2020-02-08,0.007036859447460131,0.0018859920161187205
571,2020-02-09,0.025179720219250967,0.024051418344537723
572,2020-02-10,-0.026042505869956045,-0.022366993908404353
573,2020-02-11,0.035052446746270505,0.05368808435246031
574,2020-02-12,0.011475404940052059,0.1180601290798382
575,2020-02-13,-0.010873762642184204,0.010096011233999391
576,2020-02-14,0.009523015160700865,0.058382563550392064
577,2020-02-15,-0.04185355039924232,-0.07103472375025177
578,2020-02-16,0.004540878520856495,-0.01842845786013303
579,2020-02-17,-0.0248977234415797,0.024585064660301192
580,2020-02-18,0.04557569247775106,0.0568488582020894
581,2020-02-19,-0.051449984043289376,-0.08193708891968132
582,2020-02-20,-0.0025892656683303983,-0.007009752693620364
583,2020-02-21,0.008081532009711623,0.029230053124413402
584,2020-02-22,-0.002404158134973855,-0.012383905641450532
585,2020-02-23,0.026685065475790637,0.042620609311432744
586,2020-02-24,-0.028031992193655597,-0.03168423012070054
587,2020-02-25,-0.03248723753845262,-0.0678532348296832
588,2020-02-26,-0.05740768792548856,-0.09357372604564418
589,2020-02-27,-0.00409296638844836,0.004743776764803975
590,2020-02-28,-0.012836217768336766,3.1357786083319183e-05
591,2020-02-29,-0.00844683596417184,-0.030955664183366594
592,2020-03-01,-0.004318240904803261,-0.004001264237985858
593,2020-03-02,0.03525073959015046,0.0516160856618848
594,2020-03-03,-0.009274764811754821,-0.026768577109831604
595,2020-03-04,-0.0037097436703970033,0.00017080419420523185
596,2020-03-05,0.03628484201142079,0.02093667689672518
597,2020-03-06,0.0048110043680758,0.06032838771647153
598,2020-03-07,-0.023579830530350065,-0.02356762739353435
599,2020-03-08,-0.09430352876922754,-0.16989648021634274
600,2020-03-09,-0.023014293291844012,0.006443285417975453
601,2020-03-10,-0.001757685080184146,-0.006053773352163283
602,2020-03-11,0.00021498848832735007,-0.029821111748721485
603,2020-03-12,-0.4647301753397741,-0.550731743822011
604,2020-03-13,0.11268622219754576,0.1702719835656925
605,2020-03-14,-0.06753557004657296,-0.0771961127760612
606,2020-03-15,0.03624573263084585,0.015357431443892011
607,2020-03-16,-0.07264505770911889,-0.12405349595189819
608,2020-03-17,0.041245525670191796,0.02972293078040611
609,2020-03-18,0.002448204386068298,0.007863500096204845
610,2020-03-19,0.16710432424961397,0.173452353231748
611,2020-03-20,0.0012244500086868726,-0.02864098631214418
612,2020-03-21,-0.0022144850761289803,0.0006141304197333497
613,2020-03-22,-0.05907702386253,-0.07419317577290307
614,2020-03-23,0.09578323765146379,0.0898278500261025
615,2020-03-24,0.04844470857364058,0.02813643677712907
616,2020-03-25,-0.008011559939721025,-0.018661994980525343
617,2020-03-26,0.005281211361417348,0.015776003121828808
618,2020-03-27,-0.03741337669931255,-0.032493660262900015
619,2020-03-28,-0.03581324079078918,-0.022282343342581612
620,2020-03-29,-0.05265021330566455,-0.04212150553224525
621,2020-03-30,0.08226844860278604,0.05665840563109814
622,2020-03-31,0.0013681074096147938,0.005170974155346286
623,2020-04-01,0.025777803165675905,0.015162043366011346
624,2020-04-02,0.027888755965960854,0.04606812667845972
625,2020-04-03,-0.008906283829347217,0.0004375912188105957
626,2020-04-04,0.019725803844387713,0.0217757701855108
627,2020-04-05,-0.011186860819705657,-0.011585596968958
628,2020-04-06,0.06838401551364903,0.16404237024379054
629,2020-04-07,-0.013201383140758693,-0.02413928732437487
630,2020-04-08,0.02173462611620991,0.04465544846004654
631,2020-04-09,-0.004373997983961431,-0.010683465671576187
632,2020-04-10,-0.06165264619598432,-0.07533306449905375
633,2020-04-11,-0.0009341136128107053,-0.0012407375791614328
634,2020-04-12,0.01619809433930719,0.018327298528975966
635,2020-04-13,-0.018247903368067142,-0.030642173710407228
636,2020-04-14,-0.00038135085635992994,0.008390838729623873
637,2020-04-15,-0.029712937076682877,-0.027725968459908046
638,2020-04-16,0.06902911272643486,0.11609775236710806
639,2020-04-17,-0.0029015210954828063,-0.0030180646841806436
640,2020-04-18,0.022500902000606615,0.08525763702333222
641,2020-04-19,-0.009446987957284492,-0.028759785790702708
642,2020-04-20,-0.043707892619057276,-0.05266815101230726
643,2020-04-21,-0.00023764284804528302,0.002553578095405129
644,2020-04-22,0.033849812461733464,0.05552139463880135
645,2020-04-23,0.042973347176261,0.013215131087699561
646,2020-04-24,0.016178084496425882,0.022489079759753672
647,2020-04-25,0.002517739780348194,0.032638787944658354
648,2020-04-26,0.01441763608332991,0.009175625335023696
649,2020-04-27,0.014957356048027393,-0.00047051597240255205
650,2020-04-28,0.0014686626299020844,0.006018992534536416
651,2020-04-29,0.11984140644428898,0.08938818034765994
652,2020-04-30,-0.01632197818592296,-0.04412791306299457
653,2020-05-01,0.023536910446569692,0.03137629771866379
654,2020-05-02,0.01387212727903453,0.005150944616688413
655,2020-05-03,-0.010189912204170426,-0.02060900756580697
656,2020-05-04,0.0017052718293886215,-0.013166942127806891
657,2020-05-05,0.010093566989645808,-0.006745984323549337
658,2020-05-06,0.029084126239824926,-0.013234920187720434
659,2020-05-07,0.07107536685466265,0.039557083588650066
660,2020-05-08,-0.01099854717229043,0.0033021195390361413
661,2020-05-09,-0.02559949751419488,-0.006554315303106684
662,2020-05-10,-0.09133874992634539,-0.11507224942279226
663,2020-05-11,-0.017817356616017577,-0.014348084898085034
664,2020-05-12,0.02328939648252515,0.01812111738794453
665,2020-05-13,0.0515216067309936,0.050876536321911026
666,2020-05-14,0.048814308336528,0.01867956721558528
667,2020-05-15,-0.0425545413366315,-0.03676756513229673
668,2020-05-16,0.005219563387115045,0.02550964116382559
669,2020-05-17,0.030843414668986213,0.03178785635289216
670,2020-05-18,0.005757095071523111,0.034941413045499026
671,2020-05-19,0.00025318046802702554,-0.005018720348730632
672,2020-05-20,-0.021407053865040382,-0.01583972265668354
673,2020-05-21,-0.04743978112005287,-0.04983286782666152
674,2020-05-22,0.011039704675422257,0.035800572855102075
675,2020-05-23,0.002904542937139709,0.007335166664824477
676,2020-05-24,-0.046555848053543514,-0.030771551278411913
677,2020-05-25,0.013173543308948155,0.014469094808377214
678,2020-05-26,-0.008103063993219806,-0.016784527401938476
679,2020-05-27,0.0384109712226941,0.0338966292048859
680,2020-05-28,0.03686071480897368,0.0512213240395365
681,2020-05-29,-0.00913557886418559,0.0037896620879971366
682,2020-05-30,0.02730538972956431,0.09367319345141745
683,2020-05-31,-0.024984292562995947,-0.04805224650184847
684,2020-06-01,0.07198931640233752,0.06704243192287951
685,2020-06-02,-0.0647494748028361,-0.04037097908528953
686,2020-06-03,0.01322969499089588,0.02891888099480422
687,2020-06-04,0.014793539385651755,0.0010113280587598084
688,2020-06-05,-0.013881075272664134,-0.013196598186858921
689,2020-06-06,-0.0012271221586050984,0.0029362764545730613
690,2020-06-07,0.010835668358636141,0.013286752165513782
691,2020-06-08,0.001294060354382509,0.00464988640921149
692,2020-06-09,0.002474647666023344,-0.005693793685941806
693,2020-06-10,0.007565917007305245,0.010291388128967682
694,2020-06-11,-0.05715571914128326,-0.06573317506329257
695,2020-06-12,0.016919583790143022,0.024684089947786703
696,2020-06-13,-0.0005872938226616498,0.005943040381678699
697,2020-06-14,-0.009382843818569242,-0.020270905736517797
698,2020-06-15,0.00678586233768641,-0.018040996406331722
699,2020-06-16,0.009197339368025581,0.019327861188823015
700,2020-06-17,-0.006075177257296005,-0.0059382361976272335
701,2020-06-18,-0.007242643975011731,-0.003986460163972971
702,2020-06-19,-0.013243316204146538,-0.021614295157067254
703,2020-06-20,0.00476063307275254,0.009359894483451647
704,2020-06-21,-0.0030812411837963793,-0.001241376461554644
705,2020-06-22,0.0364203993156309,0.05746099934896609
706,2020-06-23,-0.001977301049160829,0.006612083031699356
707,2020-06-24,-0.03337092327378066,-0.03488344985990466
708,2020-06-25,-0.0052530814953222205,-0.012067012857183812
709,2020-06-26,-0.011059043986902495,-0.014165194538048986
710,2020-06-27,-0.012909378740094013,-0.02964352880731358
711,2020-06-28,0.010796911071169646,0.010650726638250951
712,2020-06-29,0.005156696867222976,0.012557775072237654
713,2020-06-30,-0.005768117633966341,-0.008272111948754102
714,2020-07-01,0.009836784692076606,0.020980734621116603
715,2020-07-02,-0.011433924918010874,-0.0074753917531014125
716,2020-07-03,-0.0039654121072665305,-0.017613953838953478
717,2020-07-04,0.004959953765061087,0.01622635016177032
718,2020-07-05,-0.006431364974035958,-0.006172105973277553
719,2020-07-06,0.03269036405452752,0.059038326926726725
720,2020-07-07,-0.01322747502849353,-0.010132273750978804
721,2020-07-08,0.018849585054621087,0.031271934070352
722,2020-07-09,-0.016076772716191456,-0.014924342339071472
723,2020-07-10,9.051613040611528e-05,-0.008392492945224816
724,2020-07-11,-0.004153644618959618,-0.006355860406213054
725,2020-07-12,0.0039049160883397604,0.011103017556389538
726,2020-07-13,-0.00355135786885441,-0.010491790393600375
727,2020-07-14,-4.331631390286361e-05,0.0025297335252929543
728,2020-07-15,-0.0054650618081169,-0.007471129973283475
729,2020-07-16,-0.0066149394632759595,-0.02026334593945478
730,2020-07-17,0.0020964170070048027,-0.0037211529112850528
731,2020-07-18,0.0008353119275827936,0.011578063989272636
732,2020-07-19,0.0029193317943754238,0.012674809280072807
733,2020-07-20,-0.0023526855605595642,-0.009836364543039267
734,2020-07-21,0.02272657241900866,0.03684585765271109
735,2020-07-22,0.01592346743118611,0.06774541743749385
736,2020-07-23,0.005831453188376301,0.04656786854733319
737,2020-07-24,-0.004621806400933792,0.016343857499681924
738,2020-07-25,0.014595935230039103,0.08523079194338834
739,2020-07-26,0.023292897324559192,0.018207606081604766
740,2020-07-27,0.10400866598506298,0.037619387452618724
741,2020-07-28,-0.007126663372122977,-0.015221415901994995
742,2020-07-29,0.01704870717725271,0.0048314966898592715
743,2020-07-30,0.0009676074745073038,0.05024438001170051
744,2020-07-31,0.01892242337372707,0.03225496975867781
745,2020-08-01,0.037792033732147345,0.10861109189971963
746,2020-08-02,-0.06191185712282632,-0.03844509371057292
747,2020-08-03,0.01728605335624067,0.04128493039350101
748,2020-08-04,-0.0036037470015539697,0.00922567128788554
749,2020-08-05,0.04716003790353618,0.02960567506291234
750,2020-08-06,0.0027841443313860736,-0.01664368497010482
751,2020-08-07,-0.01525190204918836,-0.039900966351996026
752,2020-08-08,0.013065469924047335,0.03743039101740919
753,2020-08-09,-0.006684391826166092,-0.007303265912601553
754,2020-08-10,0.017184200904589275,0.012114688814064856
755,2020-08-11,-0.04016111286278701,-0.03994882867650329
756,2020-08-12,0.015169300755772497,0.027587937416845065
757,2020-08-13,0.017048853955415666,0.09208547767635356
758,2020-08-14,-0.0012963612281762238,0.01998828916882811
759,2020-08-15,0.008193734253124418,-0.009286072958644809
760,2020-08-16,0.0022817499658511764,0.0009956891133580115
761,2020-08-17,0.029951760409884898,-0.009858258932101016
762,2020-08-18,-0.021709414754999656,-0.013741272520174874
763,2020-08-19,-0.019617886991365907,-0.04145841309196818
764,2020-08-20,0.010161327741759152,0.024247074307140792
765,2020-08-21,-0.0243618627931248,-0.06783780698791553
766,2020-08-22,0.0076768212803930425,0.017093742147864077
767,2020-08-23,-0.0014543864269729312,-0.011307391987633864
768,2020-08-24,0.009364458635236161,0.04193010278088405
769,2020-08-25,-0.03530600440853249,-0.06097527778651024
770,2020-08-26,0.010696334763965254,0.006398965251658062
771,2020-08-27,-0.014463477673961833,-0.009968883232899017
772,2020-08-28,0.019164718595602537,0.034022320200206124
773,2020-08-29,-0.0030920412474539916,0.010170566636206857
774,2020-08-30,0.017627931208673786,0.06877912769525985
775,2020-08-31,-0.002623558191723774,0.015481979011439329
776,2020-09-01,0.02449528784504018,0.09209598157915444
777,2020-09-02,-0.04759982836281473,-0.08075855088398409
778,2020-09-03,-0.108024907829682,-0.13187965947361313
779,2020-09-04,0.02568095890557487,0.006639565481612486
780,2020-09-05,-0.03310004713411807,-0.14672010554152415
781,2020-09-06,0.010834787536524004,0.05258724172698148
782,2020-09-07,0.00864046839153687,-0.0019511248278716309
783,2020-09-08,-0.023223905590111116,-0.04367466020134536
784,2020-09-09,0.010879835709758368,0.039231591797243226
785,2020-09-10,0.011724294913523892,0.047260187224691386
786,2020-09-11,0.0036386352484214513,0.017754131626045222
787,2020-09-12,0.003958714499077587,0.03278379314954982
788,2020-09-13,-0.011404867595945944,-0.057439922524687326
789,2020-09-14,0.034003650927763474,0.03150029005360544
790,2020-09-15,0.010812510742823633,-0.033501372945261565
791,2020-09-16,0.016347532426243205,0.0026636066188041596
792,2020-09-17,-0.0023640918305822822,0.06150844366984387
793,2020-09-18,-0.000402336913788659,-0.012037361158998117
794,2020-09-19,0.013590771382837374,0.003064884699356618
795,2020-09-20,-0.014167885530092406,-0.038311849876170534
796,2020-09-21,-0.044493310828050525,-0.0821594201928395
797,2020-09-22,0.007256944592073822,0.007918283041278507
798,2020-09-23,-0.028125828810468434,-0.07029993270086798
799,2020-09-24,0.0489361364351204,0.08428691779931885
800,2020-09-25,-0.006278889783731145,0.008061371238388126
801,2020-09-26,0.005410230472936206,0.009340109881336822
802,2020-09-27,0.0022805831897407813,0.0054715696881233455
803,2020-09-28,-0.006108227146349066,-0.006396569296731158
804,2020-09-29,0.012525583307516186,0.012863104532477188
805,2020-09-30,-0.005561903231040333,0.0005015482885211142
806,2020-10-01,-0.01542167540122108,-0.018880243744131775
807,2020-10-02,-0.0041025453782754795,-0.01992211584148773
808,2020-10-03,-0.002522616697699931,0.0008175189316581566
809,2020-10-04,0.011334718114117237,0.017328156966309294
810,2020-10-05,0.011532279024732972,0.0039000963621251827
811,2020-10-06,-0.01765966406225239,-0.037832512936332385
812,2020-10-07,0.006069812450622436,0.0029087691242226654
813,2020-10-08,0.0228613846473138,0.02586865287667539
814,2020-10-09,0.01353719392318986,0.041394068053741684
815,2020-10-10,0.02074267777372718,0.014600888707540172
816,2020-10-11,0.0077441489400023045,0.011190077908242557
817,2020-10-12,0.014924866101628353,0.033007697367093414
818,2020-10-13,-0.011267025530866448,-0.017012530113567514
819,2020-10-14,0.00031567340046478876,-0.004487407569448543
820,2020-10-15,0.005744241377636072,-0.005396065425307128
821,2020-10-16,-0.015183968290795491,-0.03015764189336867
822,2020-10-17,0.0031726798498965536,0.0071472932758327445
823,2020-10-18,0.010967693217915908,0.025053212955617354
824,2020-10-19,0.022276341465063965,0.00454244779263302
825,2020-10-20,0.01473482660524894,-0.02883420252109037
826,2020-10-21,0.07338405430586903,0.0605787616811142
827,2020-10-22,0.011027987566796682,0.05357112064351455
828,2020-10-23,-0.0026529704553777123,-0.009729508746582738
829,2020-10-24,0.01355828284978422,0.0065454829353202015
830,2020-10-25,-0.0058830252475114975,-0.01524403591161505
831,2020-10-26,0.003376507193094014,-0.030822022629032553
832,2020-10-27,0.04332755896265361,0.025340169748722552
833,2020-10-28,-0.02844584941845696,-0.038726407673900454
834,2020-10-29,0.012475103458648107,-0.004954102753223388
835,2020-10-30,0.008052075583307783,-0.010162196034475102
836,2020-10-31,0.017160608140629918,0.009800714549992762
837,2020-11-01,-0.003189593193523521,0.024952750759226205
838,2020-11-02,-0.01367823012311753,-0.033874165743909224
839,2020-11-03,0.02907841515337317,0.011535342115357672
840,2020-11-04,0.013061444695718905,0.036825769914699436
841,2020-11-05,0.09741581080424488,0.029223391468196525
842,2020-11-06,-0.0008969303080483826,0.09365165669937436
843,2020-11-07,-0.048176141274296924,-0.04269622497421377
844,2020-11-08,0.04261566759184454,0.0401319749763287
845,2020-11-09,-0.009558200327299815,-0.020924317045296625
846,2020-11-10,-0.0027046871096150227,0.01234365107248081
847,2020-11-11,0.026488015591814573,0.029106437314132094
848,2020-11-12,0.035966700891263415,-0.0042323300410842535
849,2020-11-13,0.002544313205715909,0.02911854526955171
850,2020-11-14,-0.015418716403051036,-0.030975862151304767
851,2020-11-15,-0.00702924092609436,-0.027743622530343792
852,2020-11-16,0.04656389869041355,0.02728815912760396
853,2020-11-17,0.05410247584413774,0.043439267876475895
854,2020-11-18,0.00894799987636219,-0.0018253115910216167
855,2020-11-19,0.0007346200168818484,-0.016514975181960878
856,2020-11-20,0.04414876269819423,0.0777140568241812
857,2020-11-21,0.0011227042351791283,0.07507469540362255
858,2020-11-22,-0.014710561659747157,0.01549657689933337
859,2020-11-23,-0.0003201850997101019,0.08644035520612281
860,2020-11-24,0.03968026776556144,-0.007516458243324919
861,2020-11-25,-0.01983933237463731,-0.056564645134339564
862,2020-11-26,-0.0882052536237854,-0.09531961287274271
863,2020-11-27,-0.002464794256027858,-0.002523287193900714
864,2020-11-28,0.03497829330026647,0.03928822460645609
865,2020-11-29,0.025635704702411388,0.06740193028756813
866,2020-11-30,0.07666315234015286,0.06567865319668265
867,2020-12-01,-0.04283053060242814,-0.0457892898963177
868,2020-12-02,0.020950814137307816,0.018602909234697762
869,2020-12-03,0.012643316046181852,0.030217050049232697
870,2020-12-04,-0.03909946752423288,-0.07989414123363936
871,2020-12-05,0.024012613075875322,0.04673654731019017
872,2020-12-06,0.009916644389898366,0.008867004852807447
873,2020-12-07,-0.00796595656131771,-0.01686421994038234
874,2020-12-08,-0.046418459556244684,-0.06458432441755235
875,2020-12-09,0.01262504102957962,0.03306381725190555
876,2020-12-10,-0.015694640220806022,-0.02435897685496613
877,2020-12-11,-0.011347356530151842,-0.025114784114554922
878,2020-12-12,0.04041245632345891,0.04087194885463319
879,2020-12-13,0.017853539827285658,0.03643181383459826
880,2020-12-14,0.005431863337978626,-0.006212690164763224
881,2020-12-15,0.008816158477202407,0.00569087118310474
882,2020-12-16,0.09305159757677828,0.07645468780571019
883,2020-12-17,0.06778242711074967,0.010456496046870711
884,2020-12-18,0.014487680725324026,0.01840719132375579
885,2020-12-19,0.031140804146840395,0.006827403803756127
886,2020-12-20,-0.01658162294561727,-0.03238147020476578
887,2020-12-21,-0.02913807693232684,-0.04563368921226818
888,2020-12-22,0.0420765679457773,0.04023500516282219
889,2020-12-23,-0.023039436663008672,-0.08398318169444341
890,2020-12-24,0.02105790865039303,0.046678045903977505
891,2020-12-25,0.03838601817057885,0.023916025173036815
892,2020-12-26,0.06938918605018252,0.014934143019281976
893,2020-12-27,-0.006250988870124985,0.07103067510537908
894,2020-12-28,0.030458043294242287,0.0676176326046205
895,2020-12-29,0.010198176486275301,0.001536068854976591
896,2020-12-30,0.052625181889350614,0.02710473536704594
897,2020-12-31,0.005558802229053583,-0.018552088848933224
898,2021-01-01,0.012759952848226064,-0.010129495592281934
899,2021-01-02,0.08959001114880749,0.058714908944399014
900,2021-01-03,0.02017517240339295,0.23069522900113082
901,2021-01-04,-0.025022467355816147,0.0642419928748037
902,2021-01-05,0.06128001171320463,0.055870970937409226
903,2021-01-06,0.08002182823087978,0.09291515270174155
904,2021-01-07,0.06687092425852725,0.015263361201059311
905,2021-01-08,0.03559288987944953,-0.0012090062260794454
906,2021-01-09,-0.013400522620514721,0.045416105438040866
907,2021-01-10,-0.0483004859568652,-0.014808109930461555
908,2021-01-11,-0.07551390060372576,-0.14658216286240666
909,2021-01-12,-0.0473164778588302,-0.043793325336362265
910,2021-01-13,0.0953397207362574,0.08035399380657893
911,2021-01-14,0.04892161277885165,0.07471028649725486
912,2021-01-15,-0.062166498972308304,-0.03901147331331245
913,2021-01-16,-0.01773184714361875,0.05131558657436841
914,2021-01-17,-0.010750872199338346,-0.0027319439045427885
915,2021-01-18,0.02316538885922803,0.021796099241131017
916,2021-01-19,-0.015413522880193042,0.09117179063699776
917,2021-01-20,-0.014579216975338483,0.0036079207347805564
918,2021-01-21,-0.14252813081835924,-0.20899969144053365
919,2021-01-22,0.0683334114753027,0.09756436791809886
920,2021-01-23,-0.028834641394270832,-0.0044754685949390804
921,2021-01-24,0.006890847351744611,0.12264168954171328
922,2021-01-25,0.0023822686367900303,-0.04949020345671151
923,2021-01-26,0.006266383460683755,0.024348501333298245
924,2021-01-27,-0.06787434522440883,-0.0796291856420499
925,2021-01-28,0.09502025954716942,0.061361000644112096
926,2021-01-29,0.02509007084781878,0.036858951776538085
927,2021-01-30,-0.0013665573129024722,-0.004645306448184172
928,2021-01-31,-0.03428942338957164,-0.04543848344717194
929,2021-02-01,0.012687542067995494,0.040283973596888956
930,2021-02-02,0.05716793887942018,0.1014331529809871
931,2021-02-03,0.053773897801539405,0.09182206907112
932,2021-02-04,-0.014678676703823612,-0.04064042673188073
933,2021-02-05,0.03245885330843379,0.07481466551562121
934,2021-02-06,0.028982741281131652,-0.024028304556215296
935,2021-02-07,-0.00927658818340582,-0.038654616251271534
936,2021-02-08,0.1718205618881239,0.07882398232000742
937,2021-02-09,0.0061426193854519084,0.012188107903901901
938,2021-02-10,-0.03420320342962846,-0.013547895059854653
939,2021-02-11,0.06446761605839413,0.022423899594163466
940,2021-02-12,-0.008478464657924789,0.03293883410355658
941,2021-02-13,-0.00844174525182062,-0.016088704408345755
942,2021-02-14,0.03364387990623818,-0.0049877268932743135
943,2021-02-15,-0.015978235928811202,-0.014111236608850497
944,2021-02-16,0.025835260740748822,0.0007169559279818216
945,2021-02-17,0.05821415216952097,0.03713900792867175
946,2021-02-18,-0.009038226589304088,0.0470203579088011
947,2021-02-19,0.07828513543693205,0.011656276525288334
948,2021-02-20,0.0037751835203785333,-0.020946070485594603
949,2021-02-21,0.025352159710532618,0.008335432652434527
950,2021-02-22,-0.05966344725525374,-0.08268555498368357
951,2021-02-23,-0.10458524450100981,-0.12652682176855556
952,2021-02-24,0.0178814957381217,0.03527146325136954
953,2021-02-25,-0.05396975925205183,-0.09734201269119058
954,2021-02-26,-0.016142075456887284,-0.020310561531698745
955,2021-02-27,-0.003270542479990368,0.009593618201557241
956,2021-02-28,-0.023010476566760474,-0.030547477373398912
957,2021-03-01,0.09490116032713836,0.0998284320416376
958,2021-03-02,-0.025554925208490786,-0.047173558296895735
959,2021-03-03,0.043664727693901284,0.054271370022692444
960,2021-03-04,-0.03990612219912748,-0.021772107057521417
961,2021-03-05,0.0075114201765362765,-0.005618714183079021
962,2021-03-06,-0.0003050270395785759,0.07623886335092322
963,2021-03-07,0.04583962336068126,0.040511371564090126
964,2021-03-08,0.02010313651550355,0.06273996854411301
965,2021-03-09,0.048156840253234634,0.017998288711284616
966,2021-03-10,0.021374179798028692,-0.03757111014038639
967,2021-03-11,0.03157300039029742,0.014911169281361936
968,2021-03-12,-0.00821687285311512,-0.030067889946876036
969,2021-03-13,0.0659904612617126,0.08259589078773466
970,2021-03-14,-0.0322025926592886,-0.03711273219019251
971,2021-03-15,-0.05895520841682256,-0.03448364945036975
972,2021-03-16,0.015929471547609708,0.008486249424843884
973,2021-03-17,0.03572418708035663,0.009077543107776975
974,2021-03-18,-0.017339151916612394,-0.022513880115997864
975,2021-03-19,0.008394319050578858,0.01931416426059318
976,2021-03-20,-0.0005658791253750906,-0.00274884264997155
977,2021-03-21,-0.01364390413984573,-0.013562334109678886
978,2021-03-22,-0.05345688104443269,-0.05570149954010528
979,2021-03-23,0.0038401154329434917,-0.007527571223763019
980,2021-03-24,-0.03655175777765862,-0.05211144586696914
981,2021-03-25,-0.020485432915554824,0.0012204074750492566
982,2021-03-26,0.06428841931989204,0.0651996961901844
983,2021-03-27,0.015051908974824002,0.007985560802969971
984,2021-03-28,-0.0004068041327034422,-0.014753656144677052
985,2021-03-29,0.03165502939331688,0.07313282563305279
986,2021-03-30,0.020014609919984494,0.014376012643932512
987,2021-03-31,1.9359447593458867e-05,0.03843234153645625
988,2021-04-01,0.002999232878687863,0.030248844074212577
989,2021-04-02,0.004870090844088182,0.08059140481363869
990,2021-04-03,-0.030439981167967645,-0.05505358722875453
991,2021-04-04,0.01984664313237694,0.03139872466981952
992,2021-04-05,0.005081207326213644,0.007029007334511839
993,2021-04-06,-0.014763897549620708,0.004965007167250235
994,2021-04-07,-0.037528870853165586,-0.07207089820408008
995,2021-04-08,0.039787675704227254,0.057901176295526824
996,2021-04-09,-0.0013545498361153818,-0.007914532883688707
997,2021-04-10,0.02623419809666494,0.03034095757263877
998,2021-04-11,0.0068623043874040945,0.010115070495779754
999,2021-04-12,-0.005187618998144572,-0.008519328817561345
1000,2021-04-13,0.058527143450268326,0.07205233206732231
1001,2021-04-14,-0.006219938149170545,0.05743396289423597
1002,2021-04-15,0.00323225111697667,0.0339182613307214
1003,2021-04-16,-0.027886621874568363,-0.035216150905188925
1004,2021-04-17,-0.01454292610140584,-0.03645134605396727
1005,2021-04-18,-0.07647243109811974,-0.047043726324971225
1006,2021-04-19,-0.008788979117795748,-0.032227633325533134
1007,2021-04-20,0.013347500558966274,0.07298952114067525
1008,2021-04-21,-0.04651974554182736,0.014714236206438969
1009,2021-04-22,-0.040581883746806824,0.01626760454897269
1010,2021-04-23,-0.013001302685205829,-0.016760601197823632
1011,2021-04-24,-0.020620437180109974,-0.06645216353330152
1012,2021-04-25,-0.02113272327896709,0.046139409965626044
1013,2021-04-26,0.0974797068019555,0.09012187379809422
1014,2021-04-27,0.01854831914865329,0.049413544473853044
1015,2021-04-28,-0.0037942553737355666,0.03088102824238259
1016,2021-04-29,-0.0234296738251345,0.0038147732329116835
1017,2021-04-30,0.0754151877209619,0.005905923178421091
1018,2021-05-01,0.0013475723603129097,0.06040751310203962
1019,2021-05-02,-0.020916047590224807,0.002089991740567676
1020,2021-05-03,0.01000110220540229,0.15037495372643583
1021,2021-05-04,-0.06999363622377608,-0.05310577204659772
1022,2021-05-05,0.07389708647447613,0.07948024985726043
1023,2021-05-06,-0.01805509355764201,-0.009097400160044344
1024,2021-05-07,0.01687709678143534,-0.0017636792576318783
1025,2021-05-08,0.0249216197027895,0.11326494105268381
1026,2021-05-09,-0.00976562803402814,0.0066901984328371356
1027,2021-05-10,-0.04159554115971531,0.005950736035350346
1028,2021-05-11,0.015009957344290115,0.05330836172537623
1029,2021-05-12,-0.1429671467730369,-0.09633444649972844
1030,2021-05-13,0.01144292811009251,-0.01885143759001373
1031,2021-05-14,0.003300186759766177,0.09344729207531088
1032,2021-05-15,-0.06459870319528349,-0.11439829193568407
1033,2021-05-16,-0.006525257090235215,-0.014010351356843032
1034,2021-05-17,-0.0648839844864657,-0.08888311942681604
1035,2021-05-18,-0.014531934084628162,0.029322276578024997
1036,2021-05-19,-0.14810707635188614,-0.3174590304840619
1037,2021-05-20,0.09727501612396061,0.12355699930846509
1038,2021-05-21,-0.08913981683679317,-0.13584748911494238
1039,2021-05-22,0.006198237437244458,-0.05710668666712593
1040,2021-05-23,-0.07654564579833334,-0.08455143576052215
1041,2021-05-24,0.10722243682664256,0.22564944769507456
1042,2021-05-25,-0.007878782581023813,0.02356566997451992
1043,2021-05-26,0.02296156581276776,0.06510221993494891
1044,2021-05-27,-0.02205718107153487,-0.054130596027088806
1045,2021-05-28,-0.07393611150144253,-0.12294673867439165
1046,2021-05-29,-0.03076569154215214,-0.05976646713959077
1047,2021-05-30,0.030219944078986316,0.04745881593198398
1048,2021-05-31,0.04533591723246566,0.12735066191626654
1049,2021-06-01,-0.017507853573118126,-0.030451097608125366
1050,2021-06-02,0.023977788702314484,0.02719700947614978
1051,2021-06-03,0.042556616951369364,0.053598415718731474
1052,2021-06-04,-0.060840387267125706,-0.06024614794219385
1053,2021-06-05,-0.03706474257477588,-0.02166681272120652
1054,2021-06-06,0.00869359985018825,0.03162294611651717
1055,2021-06-07,-0.06633285563534308,-0.0470666376611808
1056,2021-06-08,-0.0026277750634573493,-0.028517481851243254
1057,2021-06-09,0.10947410238213884,0.035444046585704214
1058,2021-06-10,-0.017354742993129335,-0.05385328937384504
1059,2021-06-11,0.017067578415986162,-0.0488149734829042
1060,2021-06-12,-0.04890419504040544,0.007919877886548576
1061,2021-06-13,0.09505680129465688,0.05570408595543963
1062,2021-06-14,0.028258787966320753,0.011691714247570317
1063,2021-06-15,0.0046584533275275675,0.028375605917595692
1064,2021-06-16,-0.05230703159614336,-0.09780543649053453
1065,2021-06-17,-0.007684760787668665,0.0018306693131995289
1066,2021-06-18,-0.0614015913917374,-0.06095582169829328
1067,2021-06-19,-0.004800219817294504,-0.024142364542997896
1068,2021-06-20,0.002311625313792476,0.030677014228903232
1069,2021-06-21,-0.11952179584867828,-0.17355806441721455
1070,2021-06-22,0.025833047609392423,-0.0071730366503670595
1071,2021-06-23,0.03676667515561327,0.059420100064373926
1072,2021-06-24,0.027475699857644642,-0.000643523057368256
1073,2021-06-25,-0.09130465397426413,-0.09225583547533578
1074,2021-06-26,0.017188238400922984,0.008797401314845743
1075,2021-06-27,0.07374727447930951,0.07863825861456775
1076,2021-06-28,-0.00623326245575484,0.04966476968104683
1077,2021-06-29,0.04078512112413968,0.038260655171505675
1078,2021-06-30,-0.023325202965851943,0.05131732097104269
1079,2021-07-01,-0.042818245600875215,-0.07338593655568282
1080,2021-07-02,0.009632020913439732,0.01709133614491254
1081,2021-07-03,0.022504948021344617,0.03477100195522187
1082,2021-07-04,0.017703918010917974,0.04205248502583814
1083,2021-07-05,-0.04467475626166717,-0.05449722191480255
1084,2021-07-06,0.014392210079462231,0.05576931230607318
1085,2021-07-07,-0.011157826650300962,-0.004102550428394913
1086,2021-07-08,-0.029311778537964628,-0.08805107932235767
1087,2021-07-09,0.0276173634478738,0.012499704988266025
1088,2021-07-10,-0.008244201233594595,-0.016575308181257853
1089,2021-07-11,0.021242252673875583,0.013296256111609672
1090,2021-07-12,-0.03218092634783076,-0.049307983097572006
1091,2021-07-13,-0.0137820864258007,-0.04860993272705816
1092,2021-07-14,0.0036725998364310897,0.027577542543094857
1093,2021-07-15,-0.03224946835684328,-0.04259022453127237
1094,2021-07-16,-0.011366530858486712,-0.01624313636360153
1095,2021-07-17,0.0035431692173464313,0.009759931976867087
1096,2021-07-18,0.008329203113175865,-0.0017252222567387676
1097,2021-07-19,-0.03127250298871154,-0.04216012524464752
1098,2021-07-20,-0.033338555734211184,-0.01652602399350922
1099,2021-07-21,0.0744341723569324,0.10779836644896079
1100,2021-07-22,0.006283788882168295,0.017047451710803685
1101,2021-07-23,0.038503942271905345,0.047996849426456656
1102,2021-07-24,0.020948244356670642,0.029878072253894494
1103,2021-07-25,0.030378619797657436,0.00098389861933601
1104,2021-07-26,0.05469542869161259,0.018981533923100535
1105,2021-07-27,0.053942853488036846,0.028674115827962865
1106,2021-07-28,0.014835126516453911,-0.0007782951691401863
1107,2021-07-29,0.0003128737005972937,0.036096420064220425
1108,2021-07-30,0.054172230652618225,0.03548478305222069
1109,2021-07-31,-0.014532545375150363,0.027683623974512628
1110,2021-08-01,-0.040478043755713955,0.010059628943104748
1111,2021-08-02,-0.01952524946480949,0.01867850876524013
1112,2021-08-03,-0.027122491205131993,-0.04217882877648016
1113,2021-08-04,0.04094316463847747,0.08509878800758397
1114,2021-08-05,0.027838357371246403,0.037003477042032884
1115,2021-08-06,0.04653814062641537,0.022249880340911687
1116,2021-08-07,0.03981881145877608,0.08811555885840772
1117,2021-08-08,-0.01715152390208985,-0.04651843963291924
1118,2021-08-09,0.05696271209006909,0.04987568301418044
1119,2021-08-10,-0.016974141392609,-0.00829384028428315
1120,2021-08-11,0.00018876057234251675,0.007153275977337614
1121,2021-08-12,-0.025891753544200924,-0.038934505203743086
1122,2021-08-13,0.0730094797189178,0.08765071441062489
1123,2021-08-14,-0.01467774375797326,-0.017235181729072124
1124,2021-08-15,-0.0010609584864251786,0.013704944038437361
1125,2021-08-16,-0.022408306921166243,-0.04763365379705853
1126,2021-08-17,-0.0288691990345864,-0.04591810185054079
1127,2021-08-18,0.002364966650011624,0.0017378470909150678
1128,2021-08-19,0.0418858533323494,0.05244398765674241
1129,2021-08-20,0.054597906983852695,0.0322250435310778
1130,2021-08-21,-0.008828701235467307,-0.018686598759797945
1131,2021-08-22,0.008473475397265062,0.004957029250544309
1132,2021-08-23,0.004541346683280878,0.02351501817097379
1133,2021-08-24,-0.037844894330950396,-0.04523491486344611
1134,2021-08-25,0.025960121950429738,0.016400535612024925
1135,2021-08-26,-0.04210229745237548,-0.03939959467869336
1136,2021-08-27,0.044099430302267706,0.053466621666286684
1137,2021-08-28,-0.0031903644385735674,-0.008042251504535969
1138,2021-08-29,-0.0014850847584071403,-0.005377711330446289
1139,2021-08-30,-0.03702463994727623,-0.0008148394159199768
1140,2021-08-31,0.0023710718587306445,0.06290900442875724
1141,2021-09-01,0.035005653788017455,0.11047670605029403
1142,2021-09-02,0.009792724788171725,-0.011497420215944132
1143,2021-09-03,0.014044128006187151,0.038709541937976155
1144,2021-09-04,-0.001615484996733585,-0.0134859961819771
1145,2021-09-05,0.03557543501667304,0.016404829161659862
1146,2021-09-06,0.016863140380221964,-0.006028598015504372
1147,2021-09-07,-0.11723249529729962,-0.13671849302853012
1148,2021-09-08,-0.015494793572990773,0.020487104285756175
1149,2021-09-09,0.006488390533952781,-0.0202111085335126
1150,2021-09-10,-0.03303518664446514,-0.06504453354220274
1151,2021-09-11,0.007049939410356032,0.018135077666313393
1152,2021-09-12,0.01888655452823862,0.0418767197547254
1153,2021-09-13,-0.024174296052118294,-0.03722932547485236
1154,2021-09-14,0.04627200677790988,0.04279574125220087
1155,2021-09-15,0.02275460131450835,0.05285190318499566
1156,2021-09-16,-0.008190739435939065,-0.012241805357655622
1157,2021-09-17,-0.010854079709277542,-0.049582673294619184
1158,2021-09-18,0.021160126154024184,0.00980293690936307
1159,2021-09-19,-0.021314594702564804,-0.030341992953111685
1160,2021-09-20,-0.09810793836995657,-0.11795737819472052
1161,2021-09-21,-0.05148826786332528,-0.06801426341716432
1162,2021-09-22,0.06839960199678252,0.1074022412020268
1163,2021-09-23,0.02985630902322356,0.02491734340194718
1164,2021-09-24,-0.04686219528987401,-0.07358251684057482
1165,2021-09-25,-0.002878952738409879,-0.002084095303215072
1166,2021-09-26,0.011450682044497285,0.045667107856889544
1167,2021-09-27,-0.022771582829570036,-0.04274093703260995
1168,2021-09-28,-0.028852332947741033,-0.04419205837126494
1169,2021-09-29,0.012828924814572318,0.016199335296305684
1170,2021-09-30,0.05218276011816414,0.05075048131729254
1171,2021-10-01,0.09420841893127907,0.09702570492125417
1172,2021-10-02,-0.008462113921140713,0.02513211190777298
1173,2021-10-03,0.010185835179136404,0.00783090615773041
1174,2021-10-04,0.01876372859342723,-0.011258433355315844
1175,2021-10-05,0.047747610534685236,0.0401379624301601
1176,2021-10-06,0.07201410137731123,0.01747973872931574
1177,2021-10-07,-0.028498794333346567,0.0020681610706549947
1178,2021-10-08,0.0030037607441677494,-0.006771971181187553
1179,2021-10-09,0.018366792910816443,0.0033496941757835685
1180,2021-10-10,-0.003583836316876088,-0.04281523015198019
1181,2021-10-11,0.04834896270757305,0.0342875865381842
1182,2021-10-12,-0.025435763506084896,-0.014999231849763817
1183,2021-10-13,0.02397881481648234,0.03201626351486908
1184,2021-10-14,-0.0013872457018972995,0.048658746194801594
1185,2021-10-15,0.07188745837457944,0.02003573947540005
1186,2021-10-16,-0.011458884632588706,-0.008384974363497832
1187,2021-10-17,0.010803865067540386,0.004356227365992282
1188,2021-10-18,0.0076462923492908175,-0.025895599030285155
1189,2021-10-19,0.0354134436604987,0.03380434033523905
1190,2021-10-20,0.026577834542036882,0.06932166672355144
1191,2021-10-21,-0.059027668390729815,-0.02476753487036376
1192,2021-10-22,-0.024702251082704407,-0.020971750100473585
1193,2021-10-23,0.011489604888575755,0.049502986465354226
1194,2021-10-24,-0.007566491344887183,-0.020282751648382558
1195,2021-10-25,0.03402727333400435,0.031299766509272686
1196,2021-10-26,-0.043377186101063,-0.020787698018054357
1197,2021-10-27,-0.03166384386368293,-0.049839311122150676
1198,2021-10-28,0.03593449158802464,0.08695665968584088
1199,2021-10-29,0.02614437550515447,0.0292888727711631
1200,2021-10-30,-0.005464750380490102,-0.020387924681836367
1201,2021-10-31,-0.009250698649358569,-0.008724776317407645
1202,2021-11-01,-0.005142950065019747,0.008488150955212603
1203,2021-11-02,0.03577587734847398,0.058420345604263346
1204,2021-11-03,-0.004062805617151,0.004872733178222788
1205,2021-11-04,-0.024399034254608765,-0.015281502662407576
1206,2021-11-05,-0.005328129187967434,-0.011321819445763381
1207,2021-11-06,0.006551908440947329,0.007846083816261284
1208,2021-11-07,0.028827681539784322,0.021653036574546647
1209,2021-11-08,0.06480556096155787,0.04061620124436871
1210,2021-11-09,-0.00884509918220111,-0.01613469466851214
1211,2021-11-10,-0.02995816542044416,-0.02110674131611212
1212,2021-11-11,-0.0006967481072823745,0.020116916395295448
1213,2021-11-12,-0.012300437518714347,-0.0134652837916871
1214,2021-11-13,0.004875963708276032,-0.003359912590733316
1215,2021-11-14,0.015351084638069779,-0.005411104234516628
1216,2021-11-15,-0.029592905846715922,-0.014995056480305635
1217,2021-11-16,-0.054922454251583375,-0.07780164664278288
1218,2021-11-17,0.0034309649222326044,0.01675224011100873
1219,2021-11-18,-0.058423750403308716,-0.06926861053318056
1220,2021-11-19,0.020466973046305625,0.07176407302331
1221,2021-11-20,0.026782459618040377,0.025637936991110166
1222,2021-11-21,-0.016326255638853482,-0.032307802653969375
1223,2021-11-22,-0.04245451447744841,-0.04338345092224216
1224,2021-11-23,0.022481248103211726,0.05988246984722423
1225,2021-11-24,-0.022638719964637843,-0.023491400765719206
1226,2021-11-25,0.017511838160780613,0.008165128873313776
1227,2021-11-26,-0.06687380102128238,-0.0587321291549916
1228,2021-11-27,0.02298046960742184,0.016241653052848193
1229,2021-11-28,0.043435386277888455,0.047090786841099685
1230,2021-11-29,0.009701684218224926,0.034479153599219714
1231,2021-11-30,-0.013955922421075684,0.041072770036644
1232,2021-12-01,0.003928780734842263,-0.00965216974274874
1233,2021-12-02,-0.013227302108742123,-0.016638228436503866
1234,2021-12-03,-0.05233158566534257,-0.06658343260740018
1235,2021-12-04,-0.08560843085516368,-0.0242494123058421
1236,2021-12-05,0.003411696472447545,0.01893208793772594
1237,2021-12-06,0.02428852685142857,0.03749730517741234
1238,2021-12-07,0.0023194677368660876,-0.010070823926961125
1239,2021-12-08,-0.0038592862213864265,0.028398168684162783
1240,2021-12-09,-0.0577215558084756,-0.07470126889814921
1241,2021-12-10,-0.009035819421615798,-0.052655813005161534
1242,2021-12-11,0.04388024071672447,0.04403499684816481
1243,2021-12-12,0.014796607838164277,0.012167398488534431
1244,2021-12-13,-0.06944137030817465,-0.08851347686673883
1245,2021-12-14,-0.0026748276204262567,-0.010302372946123128
1246,2021-12-15,0.04783877809998138,0.07034177960891341
1247,2021-12-16,-0.02550406419845963,-0.014013495196179448
1248,2021-12-17,-0.03118009325604021,-0.02116468104642344
1249,2021-12-18,0.013898695656308746,0.020758382382478402
1250,2021-12-19,-0.0030305301841355714,-0.009708405810988197
1251,2021-12-20,0.003702680378991019,0.002864392803378024
1252,2021-12-21,0.04292879288746754,0.021729392067072695
1253,2021-12-22,-0.006315834406489529,-0.009537359345518581
1254,2021-12-23,0.04338193932958667,0.031130875373133193
1255,2021-12-24,0.0007412156675563608,-0.014721385436212486
1256,2021-12-25,-0.007749727198993028,0.011128140207425474
1257,2021-12-26,0.007500204929835164,-0.006360546851384541
1258,2021-12-27,-0.003333620966692763,-0.007348823741770261
1259,2021-12-28,-0.0621514265119778,-0.060401423195790116
1260,2021-12-29,-0.024336011956341608,-0.046407969954980643
1261,2021-12-30,0.015667738713133872,0.023241539950406676
1262,2021-12-31,-0.018649172756866506,-0.008441692034519832
1263,2022-01-01,0.0293737331477697,0.023366698020121035
1264,2022-01-02,-0.007189054400020822,0.0157565718419157
1265,2022-01-03,-0.01891463669576332,-0.017965194416833086
1266,2022-01-04,-0.012138934663861178,0.00864979039962499
1267,2022-01-05,-0.05206628845481376,-0.06637919922309976
1268,2022-01-06,-0.009410297303588777,-0.03788159613599795
1269,2022-01-07,-0.037847988650375086,-0.06814818392330224
1270,2022-01-08,0.0042270483325967945,-0.0322175338188071
1271,2022-01-09,0.004247935206112885,0.021050925260373887
1272,2022-01-10,-0.002157811766201334,-0.023925309249449356
1273,2022-01-11,0.02163341063743829,0.04905540850526968
1274,2022-01-12,0.027993907251913086,0.04059232704491755
1275,2022-01-13,-0.03137582795207017,-0.037454373766008686
1276,2022-01-14,0.011859664695821337,0.01882036684483701
1277,2022-01-15,0.001801155622210615,0.006183047255122531
1278,2022-01-16,-0.0014722123644013152,0.006103815352282993
1279,2022-01-17,-0.020227571699049207,-0.04224676783784531
1280,2022-01-18,0.0029561092566119385,-0.015143729147736096
1281,2022-01-19,-0.015009910442870478,-0.021790268306874694
1282,2022-01-20,-0.025816743095603556,-0.031069137876990283
1283,2022-01-21,-0.10960468291544068,-0.1597866123370455
1284,2022-01-22,-0.039930188839646164,-0.06157375509984142
1285,2022-01-23,0.03496657378118151,0.052583822253714274
1286,2022-01-24,0.010352967106697974,-0.03806663414707501
1287,2022-01-25,0.008142486826951512,0.006365155947078982
1288,2022-01-26,-0.002760824449564936,0.004912804357988243
1289,2022-01-27,0.007733837890786077,-0.018413426720137238
1290,2022-01-28,0.01724750509041506,0.04994538674198079
1291,2022-01-29,0.009321351739208339,0.01943722079713517
1292,2022-01-30,-0.005800446457154607,0.0024542933278377532
1293,2022-01-31,0.014804408066392938,0.032057294217723964
1294,2022-02-01,0.0067373185026333715,0.03789901590241307
1295,2022-02-02,-0.04731073995912283,-0.03991900189846387
1296,2022-02-03,0.0054412158319916415,-0.0013768725863689824
1297,2022-02-04,0.11062688345744753,0.10762195699877353
1298,2022-02-05,-0.0014398234837340596,0.010356898784399604
1299,2022-02-06,0.023166876517578316,0.014106625354683544
1300,2022-02-07,0.0331115827095374,0.027419575373833993
1301,2022-02-08,0.006324808965338491,-0.006340582774360115
1302,2022-02-09,0.004982113681997191,0.03673697694103062
1303,2022-02-10,-0.017603393781389087,-0.05129394490390027
1304,2022-02-11,-0.026921126055171385,-0.050002751912891163
1305,2022-02-12,-0.0038621218328671603,-0.0034289808975120906
1306,2022-02-13,-0.0011120802095430093,-0.011687921329383677
1307,2022-02-14,0.009185768314631915,0.017196958236169735
1308,2022-02-15,0.04563060448723988,0.08065348682875495
1309,2022-02-16,-0.013855295049898686,-0.016503080476892862
1310,2022-02-17,-0.08108233071910398,-0.08203477627474065
1311,2022-02-18,-0.012586526423760347,-0.033795647967470366
1312,2022-02-19,0.002275138191892623,-0.007938288426893259
1313,2022-02-20,-0.043054421746525406,-0.05010097368287525
1314,2022-02-21,-0.03592381094835417,-0.021080126474083194
1315,2022-02-22,0.03213453434150715,0.025123785947060995
1316,2022-02-23,-0.02618363461542117,-0.018716756316610628
1317,2022-02-24,0.027399579951550734,0.0029710451975581975
1318,2022-02-25,0.022738450595305437,0.06210492001628065
1319,2022-02-26,-0.0027852723260775036,0.005978101333671937
1320,2022-02-27,-0.03633451792442699,-0.058989006467832006
1321,2022-02-28,0.13576425730332176,0.10744823233553014
1322,2022-03-01,0.02653338033252517,0.018088331874394292
1323,2022-03-02,-0.00975371593540686,-0.007553031531305265
1324,2022-03-03,-0.03409447865241333,-0.03999069193805127
1325,2022-03-04,-0.08128527556523579,-0.07976638173113937
1326,2022-03-05,0.0066969062286332814,0.01805242724385181
1327,2022-03-06,-0.025202937052357655,-0.04207381817472555
1328,2022-03-07,-0.009360315270734887,-0.022668012978125596
1329,2022-03-08,0.017584738215960627,0.03112913711734322
1330,2022-03-09,0.0804608330138592,0.0576943152453806
1331,2022-03-10,-0.06254685680053029,-0.04562000998542359
1332,2022-03-11,-0.016425482290646443,-0.01876573650264035
1333,2022-03-12,0.002806706804667769,0.0059175177645443
1334,2022-03-13,-0.027475269974985395,-0.021914057615659566
1335,2022-03-14,0.04689129940953407,0.02808658645403561
1336,2022-03-15,-0.008302471898177899,0.011304854773674933
1337,2022-03-16,0.04486546767419952,0.05635772436345565
1338,2022-03-17,-0.0046909168777933274,0.015321408134705727
1339,2022-03-18,0.020538517974936,0.04531471478917748
1340,2022-03-19,0.009274687432013096,0.0003102934660130785
1341,2022-03-20,-0.022600322885967472,-0.029553396993632575
1342,2022-03-21,-0.0041257618874652735,0.013030575038735392
1343,2022-03-22,0.030703791309973028,0.025602884706367846
1344,2022-03-23,0.012531246090631498,0.019299107399374016
1345,2022-03-24,0.02459372596578646,0.025084636099409252
1346,2022-03-25,0.008782716407665703,-0.00044752523851165904
1347,2022-03-26,0.003423715485570966,0.011682834500293282
1348,2022-03-27,0.05081317579238309,0.04613228082191334
1349,2022-03-28,0.006546412763370313,0.013595696011334368
1350,2022-03-29,0.007140599739189568,0.019397235082777797
1351,2022-03-30,-0.008527995234731023,-0.004959336101979517
1352,2022-03-31,-0.03291800954258228,-0.031056412218482876
1353,2022-04-01,0.016183454010016973,0.049900281425525606
1354,2022-04-02,-0.008957035540669622,-0.0013033136125990552
1355,2022-04-03,0.012664841243047675,0.022324511009120585
1356,2022-04-04,0.0036337857461319345,-0.00045209207726948364
1357,2022-04-05,-0.023144860605896156,-0.03157573691482618
1358,2022-04-06,-0.052945705100574614,-0.0729726411008258
1359,2022-04-07,0.006852924231532498,0.019230283545795146
1360,2022-04-08,-0.028353972258937432,-0.012824595407119332
1361,2022-04-09,0.011625235289933755,0.02164397810823182
1362,2022-04-10,-0.013518646577317384,-0.015462462060694904
1363,2022-04-11,-0.06574699455484989,-0.07457602946225705
1364,2022-04-12,0.015198991801760542,0.0164105167191817
1365,2022-04-13,0.025576417495491555,0.028615310469096045
1366,2022-04-14,-0.030364373354540675,-0.03207532926840706
1367,2022-04-15,0.015355179227128701,0.006932112702694226
1368,2022-04-16,-0.0031855728397047756,0.007010680458268581
1369,2022-04-17,-0.017657522881942,-0.02275865766468499
1370,2022-04-18,0.027546268364385895,0.02122150798980904
1371,2022-04-19,0.016435294339235185,0.015093412368395676
1372,2022-04-20,-0.003097867846211244,-0.008528432651457862
1373,2022-04-21,-0.02068443970831879,-0.029767000729542303
1374,2022-04-22,-0.019611085251920457,-0.007608845779525808
1375,2022-04-23,-0.00640161932757799,-0.009053731962818112
1376,2022-04-24,-0.0004417015833446669,-0.005248860381637854
1377,2022-04-25,0.02474905007609607,0.02921955843697699
1378,2022-04-26,-0.05959955698854813,-0.06915985471067287
1379,2022-04-27,0.029052734994520435,0.028307356278774343
1380,2022-04-28,0.01348390672152533,0.016482452376458845
1381,2022-04-29,-0.029702353660828962,-0.042192511152652656
1382,2022-04-30,-0.023452178557919368,-0.030806004516415797
1383,2022-05-01,0.01980058020040154,0.03511348097331268
1384,2022-05-02,0.0015645616058179712,0.010432259389036247
1385,2022-05-03,-0.020422241840901023,-0.026215139510623153
1386,2022-05-04,0.0503126775329914,0.054928247921916196
1387,2022-05-05,-0.08194136472907587,-0.0673141307405496
1388,2022-05-06,-0.014713780107637575,-0.019924052577191986
1389,2022-05-07,-0.015067299056939376,-0.02209278193044817
1390,2022-05-08,-0.04148559878699665,-0.046047462225365265
1391,2022-05-09,-0.1170549632581519,-0.11435321457567582
1392,2022-05-10,0.02367869238648268,0.04275299975619351
1393,2022-05-11,-0.06962706368651972,-0.12308346967034733
1394,2022-05-12,0.0038423156405116288,-0.054754528388772705
1395,2022-05-13,0.00806958299328464,0.026518197304114643
1396,2022-05-14,0.027556540350856196,0.02056514548746602
1397,2022-05-15,0.039214229608877105,0.042573431483047486
1398,2022-05-16,-0.047163938825930174,-0.05902291964196671
1399,2022-05-17,0.01867531097186692,0.0329137436259197
1400,2022-05-18,-0.0576896230339532,-0.08677775891458417
1401,2022-05-19,0.05401747251089617,0.05169143189887038
1402,2022-05-20,-0.03742660999960279,-0.02865798934947339
1403,2022-05-21,0.007896156156526501,0.006708965008304979
1404,2022-05-22,0.029840116535785555,0.03417812937958864
1405,2022-05-23,-0.041229610336666056,-0.035362119010706294
1406,2022-05-24,0.018949781767068075,0.0034424837230027094
1407,2022-05-25,-0.0031485281301595336,-0.01740948928091779
1408,2022-05-26,-0.010033699544871766,-0.07521510273085763
1409,2022-05-27,-0.022097889022564488,-0.044776051541073336
1410,2022-05-28,0.006522241153916752,0.018961351496110446
1411,2022-05-29,0.02166399017895948,0.030304641628396745
1412,2022-05-30,0.07459222816391886,0.09691791883629897
1413,2022-05-31,0.002075607477006969,-0.02747898255305259
1414,2022-06-01,-0.06474693067083415,-0.06309150106858485
1415,2022-06-02,0.022182633910983185,0.005785684367308974
1416,2022-06-03,-0.025365289710190808,-0.032736727338603444
1417,2022-06-04,0.004317415368904065,0.014835719294589822
1418,2022-06-05,0.0024689858570869916,0.001993703985638362
1419,2022-06-06,0.04779217112896639,0.029520384068370653
1420,2022-06-07,-0.0068833346588697,-0.024633518924955133
1421,2022-06-08,-0.03067294698343126,-0.011351689292159683
1422,2022-06-09,-0.0033934595457960626,-0.002090874000233889
1423,2022-06-10,-0.03474221923779908,-0.07226794597572272
1424,2022-06-11,-0.025173197410301995,-0.08480274498246576
1425,2022-06-12,-0.058001081518820996,-0.05678857147225713
1426,2022-06-13,-0.17405255177667023,-0.18212592105140768
1427,2022-06-14,-0.012556416941055915,0.005860412842475071
1428,2022-06-15,0.016349175083862022,0.017623958102007897
1429,2022-06-16,-0.10211240133010335,-0.1440820564562424
1430,2022-06-17,0.00439781088256197,0.017443704896269452
1431,2022-06-18,-0.07366571122488885,-0.08936282394912354
1432,2022-06-19,0.077653019524071,0.12652513202322702
1433,2022-06-20,0.0022484805325770907,-1.244898015517748e-05
1434,2022-06-21,0.005376928208097098,-0.0025020322273014983
1435,2022-06-22,-0.03556200532463194,-0.06748368424041118
1436,2022-06-23,0.0535199496525518,0.0838512494246011
1437,2022-06-24,0.006889809613761955,0.07045094629825144
1438,2022-06-25,0.012668381046625043,0.01344167032550736
1439,2022-06-26,-0.02234031636729661,-0.03570601300787768
1440,2022-06-27,-0.013975180844797208,-0.005139739154583545
1441,2022-06-28,-0.022179692795420536,-0.042004449477135
1442,2022-06-29,-0.008746512259888206,-0.04068749910629332
1443,2022-06-30,-0.016009711756280964,-0.02921858312549741
1444,2022-07-01,-0.026393611667963057,-0.007081609166298186
1445,2022-07-02,-0.001407955856373988,0.006344889241281848
1446,2022-07-03,0.002844903976512825,0.006778719510311504
1447,2022-07-04,0.047275427183008034,0.0695094629244224
1448,2022-07-05,-0.002035878126305235,-0.014454281840770022
1449,2022-07-06,0.017582449257883326,0.04517903298010051
1450,2022-07-07,0.05165639338861894,0.04176146365600708
1451,2022-07-08,0.004313222712422515,-0.012265639403590711
1452,2022-07-09,-0.00641274116384416,-0.004532075174141781
1453,2022-07-10,-0.03447747972502668,-0.04073428906365795
1454,2022-07-11,-0.04359596339476646,-0.06284185873394499
1455,2022-07-12,-0.032915621389021155,-0.05531440989743608
1456,2022-07-13,0.0449367599448216,0.07010607675696257
1457,2022-07-14,0.017549651263241373,0.06764856552378617
1458,2022-07-15,0.012868197042893215,0.03431991926987976
1459,2022-07-16,0.016846296291969765,0.0924932683335653
1460,2022-07-17,-0.007007341770071562,-0.006005697866737769
